,id,gradeLevel,questionType,theme,question,optionA,optionB,optionC,optionD,answer,explanation,image,questionAudio,optionsAudio,configJson,isActive,note
1,low001,low,single_choice,一、 AI 認知與資訊素養 (AI 基本原理),請問 AI（人工智慧）到底是什麼呢？,裡面躲著一個聰明的真人,是一種會學習的科技工具,是一種真正的魔法,,B,AI 是一個聰明的機器，不是魔法，而是利用電腦模擬人類智慧，是一種會學習的科技工具。,,,,,,
2,low002,low,single_choice,三、 使用安全與倫理規範 (個人隱私保護),和 AI 聊天時，絕對「不可以」告訴它什麼事情？,今天的午餐吃了什麼,我喜歡看的卡通名稱,我的真實姓名、住址和電話,,C,在網路上傳送訊息可能會被壞人偷看或被 AI 記錄，保護自己的個資（姓名、住址、電話）是最重要的好習慣。,,,,,,
3,low003,low,single_choice,一、 AI 認知與資訊素養 (辨別真偽),在網路上看到一張「狗狗長出翅膀在天上飛」的照片，你應該怎麼想？,哇！狗狗真的會飛,有人去天空拍到的真實照片,可能是用AI合成的假照片，不能隨便相信,,C,像「深偽」技術可能會做出合成像真的一樣的照片，所以我們不能什麼都相信，要學會判斷與查證。,,,,,,
4,low004,low,single_choice,二、 學習運用與正向協助 (輔助學習工具),遇到不會寫的作業，應該怎麼跟 AI（例如教育部 e 度）合作呢？,請AI直接給我答案，我照抄就好,請AI當「解釋小幫手」，教我怎麼思考,都不寫，明天去學校抄同學的,,B,要把 AI 當成學習的好夥伴，學習新知識時多問為什麼，而不是把它當作直接給答案的機器，這樣才不會讓我們的「思考肌肉」變無力。,,,,,,
5,low005,low,single_choice,二、 學習運用與正向協助 (輔助學習工具),如果你想練習說英文，可以使用哪一種工具當作你的學習好幫手呢？,直接拿同學的英文考卷來抄,使用教育部「酷英網」的英語聊天機器人一起練習,叫 AI 直接幫我考英文聽力,,B,我們可以利用專為教育設計的工具（例如酷英網的聊天機器人）作為外國學習夥伴，來練習外語口說對話。,,,,,,
6,low006,low,single_choice,三、 使用安全與倫理規範 (個人隱私保護),在網路上和 AI 聊天時，下面哪一件事情是絕對「不可以」告訴 AI 的？,我今天早餐吃了三明治,我家的真實地址和密碼,我喜歡的卡通人物是誰,,B,姓名、住址、電話和密碼等都是重要的個人秘密資訊，絕對不能告訴 AI，以免個人隱私資料外洩被壞人利用。,,,,,,
7,low007,low,single_choice,一、 AI 認知與資訊素養 (辨別真偽),在網路上看到一張「大象在雲端上跳舞」的照片，你應該有什麼想法？,哇！大象真的會飛，趕快傳給全班看,這可能是 AI 做出來的假照片，不要輕易相信,大象本來就很輕，所以可以在雲上跳舞,,B,像「深偽技術」可能會做出合成得像真的一樣的假照片，看到奇怪的圖片時要保持懷疑，不要輕易相信和轉傳。,,,,,,
8,low008,low,single_choice,二、 學習運用與正向協助 (輔助學習工具),在自然課遇到不懂的昆蟲問題，你可以怎麼用 AI 幫忙？,請 AI 給我所有考卷的答案,把 AI 當成「好學小幫手」，問它更多關於昆蟲的知識,叫 AI 去幫我抓昆蟲,,B,AI 是一個很好的學習夥伴，我們可以把它當成「好奇心助手」，遇到不懂的新知識時多問為什麼，幫助我們學得更好。,,,,,,
9,low009,low,single_choice,三、 使用安全與倫理規範 (學術倫理與誠實),老師出了一份畫圖的暑假作業，你想請 AI 幫忙，哪一種做法才是對的？,自己先思考想畫什麼，再請 AI 一起幫忙找靈感,直接叫 AI 畫完，當成自己的作業交給老師,叫 AI 幫全班同學畫作業,,A,我們應該先有自己的原創想法，再讓 AI 成為協助我們的工具，而且絕對不能直接把 AI 的作品當成自己的交出去。,,,,,,
10,low010,low,single_choice,一、 AI 認知與資訊素養 (批判性思考),遇到 AI 給你的答案看起來怪怪的，甚至跟你學過的不一樣時，你應該怎麼做？,完全相信 AI ，因為 AI 最聰明,懷疑它，當個小偵探去查查看有沒有錯，並問老師,覺得好玩，馬上傳給別人看,,B,AI 有時候也會犯錯或產生幻覺，所以當我們覺得答案有問題時，要勇敢當個小偵探去多方查證，不要完全依賴 AI。,,,,,,
11,low011,low,single_choice,三、 使用安全與倫理規範 (個人隱私保護),跟 AI 聊天時，如果不小心把自己的家庭住址和密碼告訴它，可能會發生什麼事？,會得到 AI 送的禮物,個人隱私資料可能會洩漏出去被壞人利用，非常危險,什麼事都不會發生,,B,在網路上傳送訊息可能會被記錄下來，把個人密碼或住址等機密資訊告訴 AI，可能會造成隱私外洩的危險。,,,,,,
12,low012,low,single_choice,一、 AI 認知與資訊素養 (AI 基本原理),關於 AI（人工智慧）是怎麼學會認得「貓咪」或「狗狗」的，哪一個說法是對的？,它是靠著看過很多很多動物的照片，慢慢學會分辨的,它是魔法箱子，天生就認識世界上所有的動物,是因為電腦裡面躲著一個小精靈在幫忙看,,A,AI 學會分辨事物的方法，就像我們人類看圖卡一樣，需要給它很多資料（照片）進行「先學習、再判斷」，它才能學會。,,,,,,
13,low013,low,single_choice,三、 使用安全與倫理規範 (個人隱私保護),和 AI 聊天或問問題時，如果你把自己的「真實姓名和住家地址」告訴它，這是一個好習慣嗎？,是好習慣，因為 AI 是我的好朋友,不是好習慣，因為這屬於個人隱私秘密，可能會被洩漏出去,沒關係，因為 AI 會幫我保密,,B,在網路上跟 AI 聊天時絕對不可以透露自己的個資（如姓名、住址、密碼），因為這些機密資訊可能會被記錄甚至洩漏，非常危險。,,,,,,
14,low014,low,single_choice,一、 AI 認知與資訊素養 (批判性思考),老師說 AI 就像一個很聰明的朋友，但它「最不可能」發生哪一種情況？,會幫忙查資料和寫故事,永遠不會說錯話，答案一定百分之百正確,有時候會弄錯，甚至把沒發生的事說得像真的一樣,,B,AI 雖然聰明，但它並不是萬能的，有時候也會出錯或產生幻覺，所以我們不能百分之百相信它提供的所有資訊。,,,,,,
15,low015,low,single_choice,三、 使用安全與倫理規範 (個人隱私保護),在網路上使用 AI 時，為了保護自己，我們應該養成哪一種「最重要」的好習慣？,把家裡的地址告訴 AI ，讓它幫忙買東西,絕對不透露自己的真實姓名、學校和密碼等秘密資訊,把同學的照片傳給 AI 讓它看,,B,在網路上傳送訊息可能會被記錄，絕對不可以把姓名、住址、密碼等個人秘密資訊告訴 AI，這是保護自己最重要的好習慣。,,,,,,
16,low016,low,single_choice,三、 使用安全與倫理規範 (心理健康與適度使用),寫作業時，如果每次都請 AI 直接給你正確答案，而自己都不去動腦想，最後會發生什麼事？,自己會變得越來越聰明,知識的箱子會一直是空的，大腦沒有練習思考,會變成全班最厲害的小神童,,B,知識就像疊積木，過度依賴 AI 直接給答案而不自己思考，腦袋就沒有得到鍛鍊，會失去獨立思考的能力。,,,,,,
17,low017,low,single_choice,三、 使用安全與倫理規範 (使用安全與倫理規範),看到一個好玩的 AI 網站，但它要求輸入電話和電子信箱才能用，你應該怎麼辦？,為了玩，馬上輸入自己的電話,隨便拿別人的電話輸入,先問過爸爸媽媽或老師，不隨便給出個人資料,,C,年紀小的學生隨便在網路上輸入個人資料的風險很高。使用 AI 工具前，一定要先經過家長或老師的同意與指導。,,,,,,
18,low018,low,single_choice,一、 AI 認知與資訊素養 (辨別真偽),想要辨別一張圖片是不是 AI 畫出來的假照片，我們可以像小偵探一樣看哪裡？,看看照片有沒有很多愛心,找找看有沒有不合理的地方，像是手指頭數量不對或歪七扭八的背景,看看照片是不是正方形的,,B,AI 畫圖時常會在小地方出錯，例如長出六根手指或背景線條歪斜，找尋這些不合理的地方是破案的關鍵。,,,,,,
19,low019,low,single_choice,三、 使用安全與倫理規範 (個人隱私保護),跟 AI 聊天的時候，哪一件事情是「絕對不可以」做的？,問 AI 今天天氣好不好,把自己的真實名字和住家地址告訴 AI ,請 AI 講一個笑話,,B,為了保護自己的安全，絕對不可以把姓名、住址、電話或密碼等秘密資訊告訴 AI，以免個人資料被記錄或外洩。,,,,,,
20,low020,low,single_choice,三、 使用安全與倫理規範 (心理健康與適度使用),如果所有的功課都叫 AI 幫你寫，你的大腦會發生什麼事？,大腦會變得超級聰明,大腦沒有練習思考，會慢慢忘記怎麼自己解決問題,老師會發獎品給你,,B,知識就像疊高積木，如果總是讓 AI 寫功課，自己的大腦就沒有機會練習思考，長久下來會失去獨立解決問題的能力。,,,,,,
21,low021,low,single_choice,三、 使用安全與倫理規範 (個人隱私保護),如果有一個 AI 網站說要輸入你的「家庭住址和電話」才能玩遊戲，你應該怎麼做？,馬上輸入，因為我真的很想玩遊戲,隨便輸入同學的資料,先不輸入，趕快去問老師或爸爸媽媽,,C,網路上的平臺可能會記錄或洩漏我們的個資。年紀小的學生遇到要求輸入個資的情況，一定要先詢問師長，保護自己的隱私。,,,,,,
22,low022,low,single_choice,三、 使用安全與倫理規範 (學術倫理與誠實),老師請大家畫一張校園風景圖，你想用 AI 幫忙，哪種做法是「不對的」（紅燈行為）？,請 AI 提供點子，我自己再動手畫,叫 AI 直接畫完，然後跟老師說這是我自己畫的,和 AI 討論我想畫的顏色和東西,,B,AI 應該是輔助學習的工具，不能直接把 AI 生成的作品當作自己的原創交給老師，這樣做是不誠實的行為。,,,,,,
23,low023,low,single_choice,三、 使用安全與倫理規範 (個人隱私保護),遇到一個新出現的 AI 聊天機器人，你可以告訴它什麼資訊比較安全？,我最喜歡看卡通和畫畫,我家的地址和爸爸的電話,我的真實姓名和密碼,,A,姓名、住址、電話和密碼等是個人重要的機密資訊，絕對不能在網路上告訴 AI。只有分享一般的興趣喜好才是安全的。,,,,,,
24,low024,low,single_choice,一、 AI 認知與資訊素養 (AI 基本原理),AI 最像下面哪一種工具？,會幫忙做事的電腦工具,真正住在電腦裡的人,會自己長大的寵物,,A,AI 是用資料和程式訓練出來的工具，不是真人，也不會像生物一樣長大。,,,,,,
25,low025,low,single_choice,一、 AI 認知與資訊素養 (AI 基本原理),當你和 AI 聊天時，最正確的想法是？,AI 是真人在電腦後面回你,AI 是根據資料算出回應,AI 什麼都親眼看過,,B,AI 的回答來自資料與運算，不代表真的有人在後面打字。,,,,,,
26,low026,low,single_choice,一、 AI 認知與資訊素養 (AI 基本原理),AI 為什麼有時候會回答錯？,因為 AI 也會做夢,因為 AI 不是每次都會判斷正確,因為 AI 故意騙人,,B,AI 可能根據不完整或有錯的資料回答，所以不一定都正確。,,,,,,
27,low027,low,single_choice,一、 AI 認知與資訊素養 (AI 基本原理),下面哪一句最適合介紹 AI？,AI 是幫助我們學習的工具,AI 是每題都百分之百對,AI 比老師更懂你,,A,AI 可以協助學習，但不能保證全對，也不能取代老師與自己的思考。,,,,,,
28,low028,low,single_choice,一、 AI 認知與資訊素養 (AI 基本原理),AI 能回答問題，主要是因為它？,吃很多電才變聰明,看過很多資料並學習規律,會偷偷聽大家說話,,B,AI 是從大量資料中找出規律來產生回答，不是靠偷聽。,,,,,,
29,low029,low,single_choice,一、 AI 認知與資訊素養 (辨別真偽),看到一張很像真的照片，但內容怪怪的，先怎麼做？,立刻傳給同學,先停下來查一查,馬上相信是真的,,B,看到可疑內容要先查證，不要急著分享。,,,,,,
30,low032,low,single_choice,一、 AI 認知與資訊素養 (辨別真偽),如果影片裡的人嘴型和聲音怪怪的，可能表示？,影片可能被修改過,一定是外星人,一定是手機壞掉,,A,嘴型、表情、光影不自然，可能是合成或剪接過。,,,,,,
31,low033,low,single_choice,一、 AI 認知與資訊素養 (辨別真偽),對待網路上的 AI 圖片，哪個想法最好？,看起來漂亮就一定是真的,還是要想想來源和內容,網路上的都不會錯,,B,AI 圖片可能很逼真，所以仍要注意來源與真實性。,,,,,,
32,low034,low,single_choice,一、 AI 認知與資訊素養 (批判性思考),AI 告訴你『企鵝會在樹上築巢』，你應該？,直接寫進作業,查課本或問老師,跟同學說一定是真的,,B,遇到怪怪的答案要再次查證，不能直接照抄。,,,,,,
33,low035,low,single_choice,一、 AI 認知與資訊素養 (批判性思考),下面哪個是查核資訊的好方法？,只看一個網站,看課本、老師或可信網站,問不認識的網友就好,,B,查核最好比對多個可信來源，例如課本、老師與政府或學校網站。,,,,,,
34,low036,low,single_choice,一、 AI 認知與資訊素養 (批判性思考),如果 AI 的答案和課本不同，先做什麼？,把課本丟掉,再查一次原因,兩個都不看,,B,不同來源有差異時，要先查證，而不是立刻選一邊。,,,,,,
35,low038,low,single_choice,一、 AI 認知與資訊素養 (批判性思考),老師說『先自己想，再用 AI 幫忙』，意思是？,先有自己的想法,完全不要動腦,讓 AI 替你全部完成,,A,先自己思考，才能更知道 AI 回答是否合理。,,,,,,
36,low041,low,single_choice,一、 AI 認知與資訊素養 (提示詞工程),下面哪個提示比較完整？,寫一首詩,寫一首關於春天、四句、給小學生讀的詩,快點寫,,B,有主題、長度和對象的提示更完整。,,,,,,
37,low042,low,single_choice,一、 AI 認知與資訊素養 (提示詞工程),想讓 AI 解釋『氣候』，加上哪個條件最好？,用一年級聽得懂的方式,越難越好,不用解釋,,A,指定對象與程度，能讓回答更符合需求。,,,,,,
38,low044,low,single_choice,二、 學習運用與正向協助 (輔助學習工具),下面哪一種最適合請 AI 幫忙？,解釋看不懂的課文,幫你在考試作弊,替你和同學吵架,,A,AI 適合拿來輔助學習，不適合做違規或傷害他人的事。,,,,,,
39,low046,low,single_choice,二、 學習運用與正向協助 (輔助學習工具),用 AI 學英文時，哪個方法比較好？,請它示範單字句子,只抄答案不讀,請它代替你上課,,A,AI 可作為語言練習工具，但還是需要自己練習。,,,,,,
40,low047,low,single_choice,二、 學習運用與正向協助 (輔助學習工具),如果 AI 幫你整理重點，接下來最好？,自己再讀一次,完全不看,立刻交作業,,A,AI 整理後仍需自己確認，才能真正學會。,,,,,,
41,low048,low,single_choice,二、 學習運用與正向協助 (輔助學習工具),AI 比較像哪一種學習幫手？,會陪你練習的助教,會幫你代考的人,會幫你偷看答案的人,,A,AI 是輔助學習的工具，不是代替你完成一切的人。,,,,,,
42,low049,low,single_choice,二、 學習運用與正向協助 (創意激發),想寫故事卡住時，可以請 AI 幫忙？,想幾個故事開頭,整篇直接交出去,代替你做所有決定,,A,AI 可以協助發想，但作品仍要加入自己的想法。,,,,,,
43,low051,low,single_choice,二、 學習運用與正向協助 (創意激發),使用 AI 做創作時，最好怎麼做？,加入自己的點子,全部照抄,假裝完全都是自己沒用 AI,,A,好的創作是把 AI 當靈感助手，而不是完全照搬。,,,,,,
44,low052,low,single_choice,二、 學習運用與正向協助 (創意激發),哪個做法最能培養創意？,看 AI 建議後再修改成自己的作品,只選第一個答案,什麼都不改,,A,看過建議後再改成自己的版本，才能真正發揮創意。,,,,,,
45,low053,low,single_choice,二、 學習運用與正向協助 (創意激發),AI 幫忙想歌詞時，你還要做什麼？,挑選和修改內容,直接說都是自己想的,完全不看,,A,AI 產生的內容仍需自己挑選、判斷與調整。,,,,,,
46,low054,low,single_choice,二、 學習運用與正向協助 (資料整理與摘要),文章很長時，AI 可以幫忙做什麼？,整理重點,把考試取消,幫你不用閱讀,,A,AI 可以協助摘要，但你還是要閱讀與確認內容。,,,,,,
47,low057,low,single_choice,二、 學習運用與正向協助 (資料整理與摘要),AI 整理資料最好的用途是？,幫助自己理解,讓自己完全不思考,取代所有閱讀,,A,摘要是幫助理解的工具，不是停止思考的按鈕。,,,,,,
48,low059,low,single_choice,三、 使用安全與倫理規範 (個人隱私保護),下面哪個資料不該輸入 AI？,自己的住址,今天的天氣,喜歡的顏色,,A,住址屬於個人敏感資訊，不應輸入。,,,,,,
49,low060,low,single_choice,三、 使用安全與倫理規範 (個人隱私保護),如果 AI 要你填真實姓名和電話，最好怎麼做？,先問家長或老師,馬上全填,順便寫同學的,,A,遇到個資蒐集要特別小心，先詢問可信任的大人。,,,,,,
50,low061,low,single_choice,三、 使用安全與倫理規範 (個人隱私保護),哪一個資訊比較安全，可以拿來當練習題材？,虛構角色的小故事,自己的學號,家裡的密碼,,A,用虛構情境最安全，不會洩漏個人資料。,,,,,,
51,low062,low,single_choice,三、 使用安全與倫理規範 (個人隱私保護),為什麼不能把學校、班級、地址都告訴 AI？,可能讓隱私外洩,因為 AI 會生氣,因為鍵盤會壞,,A,能辨識身分的資訊外流，可能帶來風險。,,,,,,
52,low063,low,single_choice,三、 使用安全與倫理規範 (個人隱私保護),使用 AI 時保護自己，最重要的是？,不亂給個人資料,把所有祕密都說出來,借別人帳號,,A,保護個資是安全使用 AI 的基本原則。,,,,,,
53,low064,low,single_choice,三、 使用安全與倫理規範 (學術倫理與誠實),老師要你寫心得，哪個做法比較誠實？,自己先想，再請 AI 幫忙修句子,叫 AI 全部寫完直接交,抄同學再改幾個字,,A,自己的作業要有自己的思考，AI 只能在規定內協助。,,,,,,
54,low065,low,single_choice,三、 使用安全與倫理規範 (演算法偏見認知),如果 AI 說『只有男生適合當工程師』，你應該？,知道這可能有偏見,馬上相信,到處取笑別人,,A,AI 可能帶有偏見，應尊重每個人並多方思考。,,,,,,
55,low066,low,single_choice,三、 使用安全與倫理規範 (學術倫理與誠實),作業有使用 AI 幫忙時，較好的做法是？,依老師規定說明怎麼用,假裝完全沒用過,叫同學幫你保密,,A,誠實說明工具用途，才符合學習倫理。,,,,,,
56,low067,low,single_choice,三、 使用安全與倫理規範 (演算法偏見認知),看到 AI 只畫某一種膚色的人物，代表什麼？,可能資料不夠多元,世界上只有一種人,畫圖一定都這樣,,A,AI 可能因資料偏差而忽略不同文化與族群。,,,,,,
57,low068,low,single_choice,三、 使用安全與倫理規範 (學術倫理與誠實),下面哪個行為不適合？,用 AI 幫忙想大綱,用 AI 代寫整份作業,用 AI 練習造句,,B,代寫作業違反誠實與學習目的。,,,,,,
58,low069,low,single_choice,三、 使用安全與倫理規範 (心理健康與適度使用),一直玩 AI 到很晚，最可能會怎樣？,影響休息和上課精神,一定變更聰明,眼睛會變成電腦,,A,過度使用可能影響睡眠、視力與生活作息。,,,,,,
59,low070,low,single_choice,三、 使用安全與倫理規範 (心理健康與適度使用),用 AI 學習時，哪個習慣最好？,用一段時間就休息一下,飯也不吃一直用,不和任何人說話,,A,適度休息、保持作息，才能健康使用科技。,,,,,,
60,low071,low,single_choice,三、 使用安全與倫理規範 (心理健康與適度使用),除了和 AI 對話，我們還需要？,和家人同學互動,只跟機器說話,什麼都交給 AI,,A,實體互動與自己思考仍然很重要。,,,,,,
61,low072,low,single_choice,三、 使用安全與倫理規範 (心理健康與適度使用),如果你越來越什麼都想先問 AI，較好的做法是？,先自己想一想再問,完全不想,把所有決定都交給 AI,,A,先自己思考，再把 AI 當輔助，才能培養能力。,,,,,,
62,low073,low,single_choice,三、 使用安全與倫理規範 (心理健康與適度使用),健康使用 AI 的方式是？,學習、休息、運動都要兼顧,整天只看螢幕,不睡覺也要用,,A,科技使用要和休息、運動、人際互動取得平衡。,,,,,,
63,mid001,mid,single_choice,三、 使用安全與倫理規範 (演算法偏見認知),為什麼請 AI 畫「游泳選手」時，它可能會畫出又高又壯的人，而畫不出較瘦小的選手呢？,因為AI討厭瘦小的人,因為AI學到的資料大多是高壯的選手，產生了「刻板印象」,因為只有男生才能當游泳選手,因為AI壞掉了，無法畫出不同體型的人,B,AI 學習了網路上成千上萬的資料，如果網路上大部分都把游泳選手畫成又高又壯，AI 就會學到這個偏見，以為這就是事實。,,,,,,
64,mid002,mid,single_choice,一、 AI 認知與資訊素養 (批判性思考),如果 AI 給你的答案聽起來很厲害，但卻是根本沒發生過或錯誤的事情，這稱為什麼現象？,AI魔法,AI幻覺,AI變身,AI讀心術,B,AI 有時候會自己以為是或犯錯，產生出一聽起來很厲害卻是錯誤的答案，這叫做「AI幻覺」。,,,,,,
65,mid003,mid,single_choice,三、 使用安全與倫理規範 (學術倫理與誠實),在使用 AI 幫助完成報告時，哪一種行為是「紅燈」（絕對不能做）的行為？,用AI幫忙檢查自己的錯字,把AI代寫的文章全部當作自己的作品交出去,依規定註明有使用AI協助構思,請AI解釋不懂的生字,B,整篇代寫並直接當作自己原創作品繳交，這違反了誠信和規則，是絕對不能做的紅燈行為。,,,,,,
66,mid004,mid,single_choice,二、 學習運用與正向協助 (輔助學習工具),遇到不會算的數學題，你應該怎麼跟 AI（例如 e度）合作呢？,直接輸入題目，把算出來的答案抄上去,請 AI 當小老師，一步步教我怎麼思考和解題，不要直接給答案,叫 AI 幫全班寫數學考卷,直接跳過不寫，明天跟同學借來抄,B,使用 AI 時，應該把它當作「解釋小幫手」，請它引導我們思考與學習解題技巧，而不是把它當成直接給答案的「寫作業機器」。,,,,,,
67,mid005,mid,single_choice,一、 AI 認知與資訊素養 (AI 基本原理),關於 AI（人工智慧）的學習方式，下列哪一個說法是正確的？, AI 有超能力，能知道人類心裡在想什麼, AI 裡面躲著一群很聰明的科學家在回答問題, AI 是永遠不會犯錯的神奇魔法, AI 是靠著大量人類提供的資料進行學習的科技工具,D,AI 不是魔法也不會讀心術，它是依靠人類提供的資料和指令來進行學習，進而產生回應的聰明機器。,,,,,,
68,mid006,mid,single_choice,三、 使用安全與倫理規範 (演算法偏見認知),為什麼請 AI 推薦「台灣美食」時，它可能只會一直說牛肉麵和珍珠奶茶，卻很少提到原住民的傳統料理呢？,因為只有牛肉麵才是真正的食物,因為 AI 壞掉了，無法搜尋其他食物,因為 AI 學習的網路資料大多是這些熱門文章，產生了「刻板印象」,因為 AI 討厭原住民的傳統料理,C,AI 學習了網路上的資料，如果網路上大部分討論的都是特定的美食，AI 就會學到這個偏見並產生「刻板印象」，忽略其他族群的飲食文化。,,,,,,
69,mid007,mid,single_choice,一、 AI 認知與資訊素養 (批判性思考),當我們詢問 AI 我們學校下個月的園遊會要準備什麼時，AI 卻編造了一些根本沒發生或不存在的活動細節，這種現象稱為什麼？, AI 覺得太累了，需要睡覺作夢, AI 「產生」出聽起來很厲害，但其實是錯誤的答案，叫做「 AI 幻覺」, AI 會發出彩色的光芒讓人產生幻覺, AI 會變魔術把東西變不見,B,AI 有時候會自己以為是或犯錯，根據不存在的事實編造出聽起來很厲害、卻是錯誤的答案，這叫做「AI幻覺」。,,,,,,
70,mid008,mid,single_choice,三、 使用安全與倫理規範 (學術倫理與誠實),在學校寫作或做報告時，哪一種行為是違反規定、絕對不能做的「紅燈」行為？,請 AI 幫忙整理長篇文章的大綱,將自己的原創文章請 AI 幫忙檢查錯字,查資料時請 AI 提供範例，並自己查證,整篇作文都由 AI 代寫，並當成自己的作品交給老師,D,根據 AI 輔助學習的原則，整篇代寫並直接當作原創作品繳交，違反了誠信和學術倫理規則，屬於絕對不能做的「紅燈」行為。,,,,,,
71,mid009,mid,single_choice,一、 AI 認知與資訊素養 (辨別真偽),布米在網路上看到一張照片，裡面的人手長得像融化的蠟燭一樣奇怪。這代表這張照片可能是什麼？,這是世界上最真實的照片,可能是 AI 生成的假照片，因為 AI 畫細節時常常會出錯,這個人本來就長這樣,這是最新流行的魔術表演,B,AI 在畫圖時常常會在小地方出錯（例如手指頭的數量不對、像融化的蠟燭或奇怪的背景），這些都是我們識破假照片的重要線索。,,,,,,
72,mid010,mid,single_choice,三、 使用安全與倫理規範 (心理健康與適度使用),知識就像疊高積木，如果寫作業時我們總是讓 AI 直接給答案，長久下來會怎麼樣？,自己的大腦沒有得到鍛鍊，會失去獨立思考與解決問題的能力,我們會變成世界上最聰明的人,學校的老師就不會再出作業了,我們的知識積木會疊得比別人高,A,過度依賴 AI 得到答案會妨礙學習。我們必須自己經歷辛苦思考的過程，大腦的思考肌肉才會變強壯，知識的箱子才不會永遠是空的。,,,,,,
73,mid011,mid,single_choice,三、 使用安全與倫理規範 (學術倫理與誠實),老師請大家寫一篇關於「我的好朋友」的作文，以下哪一位同學的做法是「負責任的 AI 使用者」？,小明直接叫 AI 寫一篇，然後填上自己的名字交出去,小華自己先寫出大綱和內容，再請 AI 幫忙檢查語句通不通順，並依規定標註,小美用 AI 捏造一個不存在的假新聞來當作內容,小強請同學幫他寫，然後說這是 AI 寫的,B,負責任的 AI 使用者應該先有自己的原創想法，再用 AI 來協助潤飾，並且誠實標註哪裡使用了 AI 幫忙，不可以整篇代寫。,,,,,,
74,mid012,mid,single_choice,一、 AI 認知與資訊素養 (提示詞工程),想要請 AI 提供一個故事的開頭讓你繼續寫下去，這就像在跟 AI 玩積木，你必須怎麼做？,什麼都不說，等 AI 自己猜,把需要的材料和條件說清楚，例如故事的主題、角色和感覺,隨便打幾個錯字給 AI ,直接命令 AI 把整本書寫完,B,AI 不會讀心術，給 AI 的資訊越明確（就像準備好積木材料），例如說明主題、喜歡的動物和溫暖的感覺，答案就會越精準。,,,,,,
75,mid013,mid,single_choice,一、 AI 認知與資訊素養 (批判性思考),布米在使用 AI 查資料時，發現 AI 給的答案跟課本寫的不一樣，請問布米應該怎麼做？,課本一定過時了，完全相信 AI 的答案,覺得 AI 壞掉了，把電腦關機,把 AI 的答案直接抄到考卷上,保持懷疑，去查證其他資料或詢問老師，因為 AI 也會出錯,D,AI 雖然很厲害，但它無法自行判斷結果的正確性，有時候也會出錯（例如 AI 幻覺）。因此我們要當個小偵探，保持懷疑並勇敢查證。,,,,,,
76,mid014,mid,single_choice,三、 使用安全與倫理規範 (學術倫理與誠實),如果你在寫作文時，請 AI 幫忙修改了幾段不通順的句子，交作業時你應該怎麼做才是「負責任的 AI 使用者」？,誠實地向老師標註哪些地方是 AI 協助修改的,偷偷交出去，騙老師全部都是自己寫的,把自己的名字擦掉，寫上 AI 的名字,告訴同學是自己靈感爆發寫出來的,A,依規定使用 AI 協助潤飾文章後，清楚標示哪些部分是由 AI 協助的，這是負責且誠實的態度，才不會造成誤會或違反學術誠信。,,,,,,
77,mid015,mid,single_choice,二、 學習運用與正向協助 (輔助學習工具),遇到一個很難懂的自然科學名詞，你可以怎麼對 AI 下達指令（Prompt），讓自己更容易聽懂？,「這太難了，幫我把整本課本刪掉。」,「你是一位有耐心的自然老師，請用小學五年級能聽懂的方式，舉例向我說明這個詞的意思。」,「直接給我選擇題的答案。」,「隨便講講就好，我不想聽。」,B,遇到不懂的知識，可以透過「設定角色（如自然老師）」和「指定程度（如小五學生）」的方式向 AI 提問，這樣 AI 給出的解釋會更貼近你的需求。,,,,,,
78,mid016,mid,single_choice,一、 AI 認知與資訊素養 (辨別真偽),下列哪一個是我們在網路上辨別「AI 假照片（深偽技術）」的好方法？,檢查照片裡面的人是不是穿著名牌衣服,仔細觀察照片背景的線條是不是歪七扭八，或者人物的手指數量怪怪的,看看照片的檔案是不是很大,檢查照片是不是黑白的,B,AI 在生成圖片時，常常會在細節處（例如對稱的形狀、亂七八糟的牙齒、多出來的手指或扭曲的背景）露出馬腳，這些都是破案的關鍵。,,,,,,
79,mid017,mid,single_choice,一、 AI 認知與資訊素養 (AI 基本原理),AI 為什麼能回答我們那麼多的問題？它是怎麼學會這些事情的？,因為 AI 的電腦裡面住了許多聰明的科學家,因為 AI 有魔法，一生出來就什麼都會,它是依靠人類提供的大量資料與指令來進行學習的,因為 AI 可以偷偷跑到別人的腦袋裡讀取記憶,C,AI 很聰明，但它不是天生萬能的魔法，它是依照人類餵給它的大量資料與指令進行學習，才能學會如何回答問題。,,,,,,
80,mid018,mid,single_choice,三、 使用安全與倫理規範 (演算法偏見認知),為什麼請 AI 推薦「美味早餐」時，它可能只會推薦西式的漢堡和三明治，卻很少提到傳統的蛋餅和飯糰呢？,因為 AI 討厭吃傳統早餐,因為傳統早餐不健康,因為網路上關於西式早餐的文章比較多， AI 學習後產生了「刻板印象」,因為 AI 的味覺系統壞掉了,C,AI 會根據網路上人類提供的資料來學習，如果多數資料偏向某一種事物，AI 就會學到這個偏見而產生「刻板印象」，忽略其他多樣性。,,,,,,
81,mid019,mid,single_choice,三、 使用安全與倫理規範 (演算法偏見認知),為什麼當你請 AI 畫「護理師」時，它可能大多畫出女生，而很少畫出男生？,因為只有女生可以當護理師,因為 AI 學習的網路資料大多是女性護理師，產生了「刻板印象」,因為男生不喜歡 AI ,因為 AI 不會畫男生的短頭髮,B,AI 會根據網路上人類提供的資料來學習。如果多數資料都將護理師描繪成女性，AI 就會學到這個偏見而產生「刻板印象」。,,,,,,
82,mid020,mid,single_choice,三、 使用安全與倫理規範 (個人隱私保護),在網路上跟 AI 聊天時，告訴它哪一種資訊是比較「安全」的？,我家真實地址和電話,我爸爸的信用卡密碼,我最喜歡吃的水果是蘋果,我學校的學號和真實姓名,C,姓名、住址、電話和密碼等屬於個人機密資訊，絕對不能告訴 AI。只有分享一般的興趣或喜好才是安全的。,,,,,,
83,mid021,mid,single_choice,二、 學習運用與正向協助 (輔助學習工具),遇到不會算的數學分數題目，你應該怎麼請 AI 學習夥伴幫助你？,請 AI 直接給我答案，我照抄就好,把考卷拍照傳給 AI 讓它幫全班寫,請 AI 教我怎麼思考這題，但不要直接給答案,叫 AI 把數學課本變不見,C,AI 應該是引導我們思考的「解釋小幫手」，而不是替我們寫作業的機器。請它教導思考步驟，才能真正學到知識。,,,,,,
84,mid022,mid,single_choice,一、 AI 認知與資訊素養 (提示詞工程),為什麼我們在請 AI 幫忙畫圖或寫文章時，要把條件（提示詞）說得越清楚越好？,因為 AI 會讀心術，條件清楚它才能啟動魔法,因為 AI 就像玩積木，給的材料和資訊越明確，它拼出來的答案就越準確,因為 AI 的聽力不好，講太短它聽不見,因為字數越多， AI 就會送我們禮物,B,AI 不會讀心術，我們給的資訊越明確（就像準備好的積木材料），AI 就越知道我們想要什麼，給出的答案才會越精準。,,,,,,
85,mid023,mid,single_choice,三、 使用安全與倫理規範 (演算法偏見認知),當你請 AI 畫一位「科學家」時，它總是畫出穿著白袍的白髮老爺爺，這可能是因為什麼原因？,因為 AI 學習的網路資料大多是這種形象，產生了「刻板印象」,因為世界上只有白髮老爺爺才能當科學家,因為 AI 的畫筆只有白色,因為 AI 討厭年輕人,A,AI 學習了網路上成千上萬的資料，如果大部分資料都把科學家畫成白髮老爺爺，AI 就會學到這個偏見並產生「刻板印象」。,,,,,,
86,mid024,mid,single_choice,一、 AI 認知與資訊素養 (AI 基本原理),下列哪一項最能說明 AI 的本質？,AI 是有感情的真人朋友,AI 是用資料訓練出的運算系統,AI 會自己決定什麼是真理,AI 會讀心術,B,AI 不是人，而是根據資料與模型運算產生結果的系統。,,,,,,
87,mid025,mid,single_choice,一、 AI 認知與資訊素養 (AI 基本原理),AI 能回答許多問題，主要原因是它？,收集並學習大量資料中的規律,每天都在學校上課,可以親自到處旅行,一定比人類更懂所有事情,A,AI 從大量資料找規律，因此能生成回應，但不代表全知。,,,,,,
88,mid026,mid,single_choice,一、 AI 認知與資訊素養 (AI 基本原理),下面哪個說法正確？,AI 的回答一定是事實,AI 可能因資料限制而出錯,AI 有自己的價值判斷,AI 可以取代所有老師,B,AI 可能因訓練資料、提問方式或脈絡不足而出現錯誤。,,,,,,
89,mid027,mid,single_choice,一、 AI 認知與資訊素養 (AI 基本原理),當 AI 回答很流暢時，我們最應該記得什麼？,流暢不代表一定正確,說得快就一定可靠,越像人越值得相信,AI 不會受資料影響,A,生成式 AI 可以說得像真的一樣，但仍可能有錯。,,,,,,
90,mid028,mid,single_choice,一、 AI 認知與資訊素養 (AI 基本原理),AI 和搜尋引擎最大的不同之一是？,AI 只會找圖片,AI 會生成整理過的回應,搜尋引擎一定比較慢,兩者完全沒有差別,B,AI 常會整合資料生成回答，而搜尋引擎多半提供連結與結果清單。,,,,,,
91,mid029,mid,single_choice,一、 AI 認知與資訊素養 (辨別真偽),看到『名人親口推薦投資』的影片時，第一步最好是？,先查來源與新聞報導,立刻轉傳給家人,因為很像真就先相信,先留言按讚,A,深偽內容可能非常逼真，因此要先查證來源。,,,,,,
92,mid031,mid,single_choice,一、 AI 認知與資訊素養 (辨別真偽),對於網路上『太誇張』的 AI 生成圖片，最好的態度是？,當作真相立刻使用,先懷疑並找其他證據,只要朋友傳的就一定對,看到漂亮就收藏轉發,B,誇張、煽動或不合常理的內容更需要查證。,,,,,,
93,mid033,mid,single_choice,一、 AI 認知與資訊素養 (辨別真偽),發現同學想轉傳可疑換臉影片時，最好的建議是？,先停下來，不要轉傳,越多人看越好,先下載收藏,只看標題就分享,A,未查證的深偽內容不宜轉傳，避免散布不實資訊與造成傷害。,,,,,,
94,mid036,mid,single_choice,一、 AI 認知與資訊素養 (批判性思考),若 AI 的答案和老師上課內容不同，最合理的做法是？,判定老師錯了,追問原因並查證資料,兩邊都不要管,把 AI 答案傳遍全班,B,應先查明差異原因，而不是急著下結論。,,,,,,
95,mid038,mid,single_choice,一、 AI 認知與資訊素養 (批判性思考),如果 AI 給你的答案過度絕對，例如『一定』『全部』，你最好？,更注意有沒有例外情況,因為很有自信所以相信,不用查證,直接做成海報,A,過度絕對的說法常需要更多查證。,,,,,,
96,mid040,mid,single_choice,一、 AI 認知與資訊素養 (提示詞工程),如果 AI 回答太難，最適合追加哪種要求？,請改用國小中年級能懂的例子說明,再難一點,不要分段,回答越長越好,A,補充受眾與表達方式，能讓回答更適合。,,,,,,
97,mid041,mid,single_choice,一、 AI 認知與資訊素養 (提示詞工程),下面哪個提示最有助於做摘要？,幫我看,請把這篇文章整理成 5 個重點，每點不超過 20 字,快一點,這篇好長,B,指定重點數量與格式，可提升輸出品質。,,,,,,
98,mid042,mid,single_choice,一、 AI 認知與資訊素養 (提示詞工程),要讓 AI 幫你設計海報文案，除了主題外還可補充？,用途與對象,自己的密碼,同學的電話,學校的門禁碼,A,補充用途、對象、風格等資訊，回答會更精準。,,,,,,
99,mid043,mid,single_choice,一、 AI 認知與資訊素養 (提示詞工程),和 AI 互動時，若第一次回答不夠好，較好的策略是？,放棄不用,改寫問題並增加條件,一直複製同一句,責怪 AI 就好,B,提示詞可逐步修正，改善輸出品質。,,,,,,
100,mid044,mid,single_choice,二、 學習運用與正向協助 (輔助學習工具),AI 在學習上最適合扮演什麼角色？,輔助理解的工具,代替你上課的分身,幫你隱瞞不會的答案,保證拿高分的捷徑,A,AI 適合協助解釋概念、練習與整理，不是取代學習。,,,,,,
101,mid045,mid,single_choice,二、 學習運用與正向協助 (輔助學習工具),你遇到看不懂的自然課內容時，可以請 AI？,用生活例子重新解釋,替你把作業整份寫完,幫你跟老師請假,提供同學帳密,A,AI 可幫助轉譯難懂內容，促進理解。,,,,,,
102,mid046,mid,single_choice,二、 學習運用與正向協助 (輔助學習工具),用 AI 練習英文口說時，較好的做法是？,請 AI 提供情境句並自己跟讀,只看答案完全不開口,把 AI 當考試作弊工具,完全不檢查發音,A,AI 可做練習夥伴，但真正的學習仍要自己參與。,,,,,,
103,mid047,mid,single_choice,二、 學習運用與正向協助 (輔助學習工具),AI 幫你列出數學解題步驟後，接著應該？,自己檢查是否看懂每一步,直接抄上去就好,跳過題目不做,拿去交朋友代寫,A,理解每一步，才能真正學會。,,,,,,
104,mid049,mid,single_choice,二、 學習運用與正向協助 (創意激發),寫故事前，AI 最適合先幫你做什麼？,提供角色或情節靈感,代替你交稿,決定你的分數,隱藏你的錯誤,A,AI 可以作為發想工具，幫助打開思路。,,,,,,
105,mid050,mid,single_choice,二、 學習運用與正向協助 (創意激發),若要避免作品變成『大家都一樣』，使用 AI 後最好？,加入自己的觀察與修改,完全照抄第一版,只改標題,不看內容就提交,A,把 AI 建議轉化成自己的作品，才能保有創意。,,,,,,
106,mid051,mid,single_choice,二、 學習運用與正向協助 (創意激發),想設計校慶海報，哪個做法最能善用 AI？,先說明主題、對象與風格，再自己挑選修改,直接請 AI 決定一切,複製別人的作品,完全不看版權與來源,A,AI 可做發想，但最後仍需人來判斷與設計。,,,,,,
107,mid052,mid,single_choice,二、 學習運用與正向協助 (創意激發),AI 在創作上的價值，比較接近哪一項？,靈感加速器,保證原創的印章,不用思考的捷徑,分數製造機,A,AI 可以幫助發想，但不等於原創保證。,,,,,,
108,mid054,mid,single_choice,二、 學習運用與正向協助 (資料整理與摘要),閱讀長文後請 AI 摘要，為什麼仍要回頭看原文？,因為摘要可能漏掉重點或出現錯誤,因為 AI 一定很短,因為原文比較漂亮,其實不用看,A,摘要有便利性，但準確度仍需自己檢核。,,,,,,
109,mid056,mid,single_choice,二、 學習運用與正向協助 (資料整理與摘要),如果 AI 的摘要和原文不一致，應該？,以原文與可信資料為準,以最短的版本為準,因為 AI 比較新所以用 AI,兩者混在一起不用查,A,原始資料與可信來源仍是檢查基準。,,,,,,
110,mid057,mid,single_choice,二、 學習運用與正向協助 (資料整理與摘要),AI 協助整理資料最主要的好處是？,提升理解與複習效率,保證每次都滿分,讓人永遠不用讀書,取代老師批改,A,摘要與整理能節省時間，但不能取代真正理解。,,,,,,
111,mid060,mid,single_choice,三、 使用安全與倫理規範 (個人隱私保護),如果同學要你把班級名單輸入 AI 做整理，你應該？,先拒絕並提醒這涉及個資,直接上傳比較快,只要不說就沒關係,把更多資料一起放,A,班級名單屬個資，應先取得合適授權並避免外洩。,,,,,,
112,mid061,mid,single_choice,三、 使用安全與倫理規範 (個人隱私保護),為什麼使用 AI 時要避免輸入帳號密碼？,可能造成帳號與資料風險,因為 AI 看不懂數字,因為密碼太短,因為輸入會讓螢幕變慢,A,帳號密碼屬高度敏感資料，外洩風險大。,,,,,,
113,mid062,mid,single_choice,三、 使用安全與倫理規範 (個人隱私保護),如果某個平臺要求提供過多個人資料，較好的做法是？,先詢問家長或老師並確認規範,為了方便全部填寫,改填同學資料,截圖公開分享,A,年齡較小的學生使用平臺應有大人協助把關。,,,,,,
114,mid064,mid,single_choice,三、 使用安全與倫理規範 (學術倫理與誠實),老師允許用 AI 潤稿作文時，哪個做法較符合誠實原則？,先自己寫，再標示 AI 協助修句,請 AI 全寫完後直接交,抄 AI 內容說是自己靈感,找同學替你隱瞞,A,AI 可在規定內協助，但不應代寫整份作業。,,,,,,
115,mid065,mid,single_choice,三、 使用安全與倫理規範 (演算法偏見認知),若 AI 圖像總把科學家畫成同一種性別，這提醒我們？,AI 可能受到資料偏見影響,代表只有那種人才會當科學家,這一定是正確歷史,只要好看就沒問題,A,資料不夠多元時，AI 可能產生刻板印象。,,,,,,
116,mid066,mid,single_choice,三、 使用安全與倫理規範 (學術倫理與誠實),下列哪一項屬於不當使用 AI？,拿 AI 幫忙想提問方向,用 AI 代寫報告並冒充原創,請 AI 解釋生字,用 AI 練習摘要,B,代寫並冒充原創違反學術誠信。,,,,,,
117,mid067,mid,single_choice,三、 使用安全與倫理規範 (演算法偏見認知),當 AI 的回答帶有歧視或嘲笑某群人的內容時，應該？,停止使用並向師長反映,照樣複製使用,因為是 AI 說的就接受,把內容做成笑話傳出去,A,應尊重他人，避免使用歧視或霸凌內容。,,,,,,
118,mid069,mid,single_choice,三、 使用安全與倫理規範 (心理健康與適度使用),若你發現自己越來越凡事都先問 AI，較好的調整方式是？,先自己思考幾分鐘再使用,把所有決定交給 AI,整天掛在線上,不再和同學討論,A,先思考再使用 AI，能保留獨立思考能力。,,,,,,
119,mid071,mid,single_choice,三、 使用安全與倫理規範 (心理健康與適度使用),下列哪種情況代表對 AI 過度依賴？,連簡單選擇都不願自己想,用 AI 複習重點後自己再整理,請 AI 提供不同觀點,和同學討論後再使用,A,若連基本判斷都完全交給 AI，就是過度依賴。,,,,,,
120,mid072,mid,single_choice,三、 使用安全與倫理規範 (心理健康與適度使用),維持良好的數位生活，最合理的做法是？,平衡 AI、閱讀、運動與人際互動,只跟 AI 聊天,把作業與娛樂都交給 AI,整晚不睡覺研究 AI,A,科技便利很重要，但生活平衡更重要。,,,,,,
121,mid073,mid,single_choice,三、 使用安全與倫理規範 (心理健康與適度使用),若同學因使用 AI 而焦慮或睡不好，較好的建議是？,適度休息並向師長求助,繼續熬夜練習,不要告訴任何人,用更多 AI 來忘記壓力,A,使用科技若影響情緒或作息，應及時調整並尋求支持。,,,,,,
122,high001,high,single_choice,一、 AI 認知與資訊素養 (辨別真偽),當你看到一張令人驚訝的網路照片時，可以觀察哪些細節來判斷它是不是 AI 生成的假照片（深偽技術）？,檢查照片裡的人是否長得很帥或很美,仔細觀察人物的手指數量是否正確、背景是否不自然扭曲,看看照片是不是彩色的,檢查照片是不是在白天拍的,B,AI 在畫畫時常會在小地方出錯，例如手指數量不對、長得像融化的蠟燭，或是背景線條歪斜，這些都是破案的關鍵細節。,,,,,,
123,high002,high,single_choice,二、 學習運用與正向協助 (資料整理與摘要),老師請大家寫一篇關於「難忘的一天」的遊記，你可以如何善用 AI（例如寫作精靈）來幫助你？,直接請AI幫你寫出一篇完整的作文，然後直接抄寫,將長篇文章全部丟給同學寫,請AI提供大綱與思考提示，再自己寫出每一段的內容,叫AI把文章翻譯成沒人看得懂的火星文,C,我們可以利用 AI 激發作文好點子、規劃大綱和獲得思考提示，但最終還是要由自己來創作與表達每一段內容。,,,,,,
124,high003,high,single_choice,三、 使用安全與倫理規範 (心理健康與適度使用),如果一直讓 AI 幫你寫作業，不自己思考，長久下來可能會發生什麼事？,會因為AI的幫忙而變得越來越聰明,腦袋裡沒有累積知識積木，會失去獨立思考與解決問題的能力,會立刻成為全校最厲害的專家,AI會因為幫忙太多次而當機,B,知識就像疊高積木，過度依賴 AI 直接給答案，會讓自己的思考肌肉變無力，無法創造出屬於自己的東西。,,,,,,
125,high004,high,single_choice,三、 使用安全與倫理規範 (使用安全與倫理規範),如果發現有人利用「深偽技術」（Deepfake）將別人的臉合成到不當的性影像上，應該怎麼做才是正確的？,覺得好笑，馬上轉傳到班級群組,截圖保留證據，並向「衛生福利部性影像處理中心」線上申訴,在網路上留言嘲笑那位同學,馬上自己也用AI做一張假照片報復,B,遇到不當性影像時，這不是被害者的錯。應先截圖保留證據並向專業單位申訴協助移除，切勿轉傳以免造成二度傷害。,,,,,,
126,high005,high,single_choice,一、 AI 認知與資訊素養 (批判性思考),AI 提供的資訊有時候可能會有偏見或錯誤，因此我們使用 AI 時應該保持什麼樣的態度？,絕對無條件相信AI給的答案,認為課本的知識一定過時了，全部採用AI的說法,保持懷疑，主動查核其他資料來源，不全盤接受,隨便挑一個看起來順眼的答案寫上去就好,C,使用 AI 時應結合自己的經驗和批判性思維來檢視結果，學會查證，不全盤接受生成內容，因為 AI 也會出錯。,,,,,,
127,high006,high,single_choice,三、 使用安全與倫理規範 (使用安全與倫理規範),如果不幸發現自己或同學遭到「深偽技術」（Deepfake）變臉，製作成不當的影片，請問正確的處理方式是什麼？,覺得丟臉，立刻把手機關機當作沒發生,先截圖保留證據，並向「衛生福利部性影像處理中心」申訴協助移除下架,轉傳給其他同學，問他們是不是真的,自己也用 AI 做一張假照片報復對方,B,遇到這類遭到深偽技術製作不當影像的事件，這不是被害者的錯。應先截圖保留證據，向專業單位線上申訴，切勿轉傳以免造成二度傷害。,,,,,,
128,high007,high,single_choice,一、 AI 認知與資訊素養 (提示詞工程),如果你想請 AI 幫忙修改一篇你寫好的作文，怎麼下達指令（Prompt）會得到最有用的建議？,「幫我改作文。」,「我的作文寫得很爛，你隨便改。」,「請你當作國文老師，幫我這篇作文提出修改意見，讓句子更通順。」,「把這篇文章變成火星文。」,C,給 AI 的指令越明確，例如指定角色（國文老師）、說明任務（提出修改意見）、給予目標（讓句子更通順），AI 給出的答案與建議就會越精準且實用。,,,,,,
129,high008,high,single_choice,三、 使用安全與倫理規範 (心理健康與適度使用),老師說知識就像「疊高積木」，如果我們一直讓 AI 直接給我們答案，而自己都不去思考，會發生什麼事？,我們的「思考肌肉」會變得越來越強壯,我們的腦袋會長出真正的積木,我們會失去獨立思考的機會，就像自己的知識箱子永遠是空的, AI 會代替我們去學校上課,C,知識就像疊高積木，過度依賴 AI 給答案，大腦就會缺乏思考鍛鍊，讓自己的思考肌肉變無力。自己辛苦思考的過程，才能創造越多的東西。,,,,,,
130,high009,high,single_choice,一、 AI 認知與資訊素養 (批判性思考),「生成式人工智慧」有時會根據不存在的事實產生聽起來很真實卻是錯誤的答案，這種現象被稱為什麼？, AI 覺醒, AI 幻覺, AI 讀心術, AI 魔法,B,AI 無法自行判斷結果的正確性，有時候會編造出根本沒發生或不存在的細節，這種會出錯或自以為是的現象叫做「AI幻覺」。,,,,,,
131,high010,high,single_choice,三、 使用安全與倫理規範 (演算法偏見認知),當你請 AI 推薦臺灣傳統美食時，發現它只推薦特定地區的夜市小吃，忽略了原住民的傳統飲食，這是因為什麼原因？,因為 AI 學習的網路資料存在偏差，產生了「刻板印象」,因為 AI 有自己的味覺偏好,因為原住民美食不能在網路上討論,因為 AI 的電腦壞掉了,A,AI 的答案來自它學習的資料。如果網路上的討論大多集中在某幾樣小吃，AI 就會學到這個偏見並產生「刻板印象」，忽略多元的文化。,,,,,,
132,high011,high,single_choice,一、 AI 認知與資訊素養 (辨別真偽),發現網路上有知名人士鼓勵投資的煽動性影片，你懷疑這可能是用「深偽技術（Deepfake）」製作的，應該怎麼做？,覺得能賺錢，立刻分享給所有親朋好友,仔細檢查影片人物的表情或背景是否不自然，並向長輩查證，絕不輕易相信與轉傳,幫忙把這部影片重新剪輯配音再上傳,馬上照著影片的指示把零用錢匯過去,B,面對可能由深偽技術合成的影片，應保持警覺不輕易相信。我們可以尋找不合理的細節（如歪斜的背景）當作破案線索，並主動查證。,,,,,,
133,high012,high,single_choice,三、 使用安全與倫理規範 (使用安全與倫理規範),有些平臺會要求輸入信箱或電話才能使用 AI 工具。為了保護資訊安全，國中小學生應該優先選擇哪種工具？,隨便找一個國外的免費不明 AI 網站就輸入個資註冊,優先使用專為教育目的設計的 AI 產品（如教育部因材網e度），並在師長引導下使用,盜用同學的帳號密碼來登入 AI 平臺,把家裡的機密資料都輸入進去換取使用權限,B,為了避免個資外洩的高風險，中小學生應優先使用教育目的設計的 AI 工具（如因材網 e度或酷英網 E-BOT），並遵守平臺年齡規範及在師長指導下使用。,,,,,,
134,high013,high,single_choice,一、 AI 認知與資訊素養 (提示詞工程),為了準備一篇關於「校外教學」的遊記，你可以如何善用 AI 工具幫你起頭？,「幫我寫一篇1000字的校外教學遊記，我要直接複製貼上。」,「請用『表格』的方式，幫我列出這篇校外教學遊記的四段式作文大綱。」,「幫我查我們學校明天的午餐吃什麼。」,「去網路上盜用別人的遊記給我。」,B,給予明確的指令（例如指定使用「表格」呈現四段式大綱），能有效利用 AI 幫忙規劃寫作架構，激發點子而不取代自己的寫作過程。,,,,,,
135,high014,high,single_choice,三、 使用安全與倫理規範 (學術倫理與誠實),在成為一位「負責任的 AI 使用者」的三個原則中，最重要的是哪一項？,先有自己的原創想法，再使用 AI 協助與補充,全部讓 AI 從頭到尾幫忙想、幫忙寫,絕不告訴任何人我有使用 AI ,盡量使用別人的帳號登入 AI 平臺,A,負責任的 AI 使用者首要原則是「先有自己的原創想法，再使用 AI 協助」。AI 應該是輔助學習的工具，不能完全取代我們自己的思考與創作。,,,,,,
136,high015,high,single_choice,一、 AI 認知與資訊素養 (批判性思考),AI 有時會煞有其事地給出一個根本不存在的假資訊（例如虛構的歷史事件或不存在的景點），我們把這種 AI 常常出錯的現象稱為什麼？, AI 的奇幻漂流, AI 魔法, AI 幻覺, AI 讀心術,C,AI 無法自行判斷資料的真偽，有時候會將無關的資訊拼湊在一起，產生出聽起來很合理卻是錯誤或虛構的答案，這被稱為「AI 幻覺」。,,,,,,
137,high016,high,single_choice,二、 學習運用與正向協助 (創意激發),老師請大家寫一篇科幻小說，當你缺乏靈感時，可以如何善用 AI 工具來激發創意？,直接請 AI 寫完一篇1000字的小說，並填上自己的名字繳交,提示 AI 幫忙列出幾個有趣的故事點子或大綱，自己挑選後再進行原創撰寫,叫 AI 去網路上下載別人的得獎作品,放棄寫作，叫 AI 幫忙寫一封信跟老師請假,B,我們可以利用 AI（如寫作精靈）來激發好點子或列出大綱，提供寫作靈感，但具體的內容與創作必須由我們自己完成，不可直接代寫。,,,,,,
138,high017,high,single_choice,三、 使用安全與倫理規範 (使用安全與倫理規範),發現有同學遭到「深偽技術」（Deepfake）變臉成不雅影片並在網路上流傳，身為數位好公民的你應該怎麼做？,覺得好笑，馬上轉傳到其他群組,截圖保留證據，協助通報「衛生福利部性影像處理中心」，且絕對不轉傳,在影片底下留言嘲笑該名同學,把影片下載下來存在自己的電腦裡欣賞,B,發現不當的深偽影像時，應謹記「不轉傳、截圖保留證據、向專業單位申訴」的原則，避免對受害者造成二度傷害。,,,,,,
139,high018,high,single_choice,一、 AI 認知與資訊素養 (批判性思考),當你請 AI 幫忙規劃旅遊行程時，它卻安排了一個「根本不存在的虛構遊樂園」，這種 AI 自以為是、煞有其事給出錯誤資訊的現象稱為什麼？, AI 的覺醒, AI 幻覺, AI 魔法, AI 讀心術,B,AI 無法自行判斷結果的真實性，有時會將資料錯誤拼湊，產生聽起來很合理卻是虛構或錯誤的答案，這就是「AI幻覺」。,,,,,,
140,high019,high,single_choice,一、 AI 認知與資訊素養 (辨別真偽),在社群媒體上看到一段震驚的名人發言影片，為了確認這是不是「深偽技術」製作的假影片，你可以使用什麼「AI偵探工具箱」的方法？,看看發布影片的人是不是有很多粉絲，粉絲多就是真的,仔細觀察影片中人物的臉頰邊緣、牙齒或眼鏡是否有不自然扭曲，並尋找可信的新聞來源查證,看看影片有沒有配上好聽的音樂,檢查影片有沒有高畫質(4K)標籤,B,深偽技術在合成時，常會在細節（如臉部對稱、牙齒或背景邊緣）產生不自然的扭曲。我們應仔細觀察這些「不合理的地方」並主動查證。,,,,,,
141,high020,high,single_choice,三、 使用安全與倫理規範 (學術倫理與誠實),依據老師的規定，你在完成科學報告時使用了 AI 幫忙將文字潤飾得更通順。繳交作業時，你必須完成哪一項重要的步驟？,為了拿高分，故意隱瞞不說，宣稱全都是自己寫的,清楚標註報告中哪些段落或內容是經過 AI 協助潤飾的，對自己的作品負責,把報告上自己的名字擦掉，改成 AI 的名字,把這份報告賣給其他同學,B,負責任的 AI 使用者在依規定使用 AI 協助構思或潤飾後，應該清楚標註 AI 協助的部分，遵守學術誠信，不把生成內容直接當作原創繳交。,,,,,,
142,high021,high,single_choice,一、 AI 認知與資訊素養 (辨別真偽),在網路上看到一段影片，是某位名人代言免費送手機的煽動性好康，為了防範「深偽技術」受騙，你應該怎麼做？,立刻點擊連結並輸入個人資料,覺得能賺錢，分享給所有親戚朋友,仔細尋找影片中是否有不自然的臉部邊緣或怪異的聲音，並向官方網站查證,馬上留言稱讚這位名人,C,深偽技術在合成時，常會在細節（如臉部邊緣扭曲、聲音不同步）產生不自然的地方。面對這類煽動性影片應保持警覺並主動查證。,,,,,,
143,high022,high,single_choice,三、 使用安全與倫理規範 (使用安全與倫理規範),為了保護個人隱私與資訊安全，國中小學生上網使用生成式 AI 時，建議優先選擇哪一類工具？,網路上隨便找的免費不明 AI 網站,要求輸入身分證字號和真實地址的國外網站,專為教育目的設計的 AI 產品（如教育部因材網e度或酷英網），並在師長引導下使用,盜用同學的帳號來登入,C,一般 AI 平臺可能有收集個資的風險。學生應優先使用專為教育設計的 AI 工具，以保護資訊隱私並符合年齡規範。,,,,,,
144,high023,high,single_choice,一、 AI 認知與資訊素養 (批判性思考),當 AI 給你的科學解答與課本上學到的知識不一樣時，你應該採取什麼態度？,認為課本一定寫錯了，完全相信 AI ,保持懷疑，主動查證其他可信的資料來源，並向老師請教確認,隨便選一個答案就好,覺得 AI 壞掉了，把電腦關機,B,AI 有時會出錯或產生幻覺。使用 AI 時應保持高度警覺與批判性思考，不輕易盲從，並主動向老師或可靠資料查證。,,,,,,
145,high024,high,single_choice,一、 AI 認知與資訊素養 (批判性思考),布米用 AI 查資料時，發現 AI 的答案和課堂上老師教的不一樣，身為聰明的「AI 偵探」，他應該怎麼做？,認為課本一定過時了，全部相信 AI ,覺得 AI 壞掉了，把電腦摔壞,保持懷疑，主動上網搜尋其他可信資料或向老師請教查證,直接把 AI 的答案抄上去，反正有寫就好,C,AI 的答案不一定全對（可能會出現 AI 幻覺或錯誤）。遇到懷疑的資訊時，要保持批判性思考，主動尋求多方查證或詢問老師。,,,,,,
146,high025,high,single_choice,一、 AI 認知與資訊素養 (AI 基本原理),下列何者最能正確描述生成式 AI？,具有人類意識的數位生命,根據大量資料學習模式後生成內容的系統,永遠客觀中立的百科全書,能自行決定社會規則的裁判,B,生成式 AI 透過資料與模型學習規律產生輸出，並不等於具有意識。,,,,,,
147,high026,high,single_choice,一、 AI 認知與資訊素養 (AI 基本原理),為什麼 AI 有時會『說得很像真的』卻仍然出錯？,因為表達流暢不代表事實正確,因為 AI 只有在晚上會錯,因為錯誤只會出現在圖片,因為人類一定比 AI 慢,A,生成式 AI 擅長產生自然語言，但不具備自動保證真實性的能力。,,,,,,
148,high027,high,single_choice,一、 AI 認知與資訊素養 (AI 基本原理),AI 輸出的品質，通常和哪個因素關係最密切？,資料品質與提示內容,滑鼠顏色,螢幕大小,打字速度快慢,A,訓練資料與提示詞品質都會影響 AI 的表現。,,,,,,
149,high028,high,single_choice,一、 AI 認知與資訊素養 (AI 基本原理),下面哪個說法最合理？,AI 擅長輔助，但不能完全取代人的判斷,AI 比所有專家都可靠,AI 不需資料也能學會一切,AI 只要連上網就不會錯,A,AI 適合協助整理、生成與建議，但重要判斷仍需人負責。,,,,,,
150,high029,high,single_choice,一、 AI 認知與資訊素養 (AI 基本原理),若兩個 AI 對同一問題給出不同答案，最可能代表？,至少其中一個需要再查證,兩個都一定正確,只要選字比較多的,代表問題不能問,A,不同模型、資料與提問方式都可能導致結果不同，因此需要查證。,,,,,,
151,high030,high,single_choice,一、 AI 認知與資訊素養 (辨別真偽),某影片中名人『親口』鼓勵大家投資，但來源不明且語氣異常，最適合的判斷是？,可能涉及深偽，應先查證再決定是否相信,既然有畫面就一定真實,越像真人越不可能造假,先下載轉傳再說,A,深偽技術可合成影像與聲音，來源不明的煽動影片更需查證。,,,,,,
152,high032,high,single_choice,一、 AI 認知與資訊素養 (辨別真偽),如果你懷疑某張災難照片是 AI 生成的，第一步最好是？,停止轉傳並查核來源,先做成報告插圖,因為多人轉發就採用,先加上聳動標題,A,災難照片若不實，可能造成恐慌與錯誤判斷，因此要先查證。,,,,,,
153,high034,high,single_choice,一、 AI 認知與資訊素養 (辨別真偽),當你發現疑似 AI 換臉的不當內容時，較合適的行動是？,保留證據、不要轉傳並尋求大人協助,下載收藏觀察,分享給更多人討論,改圖後再上傳,A,遇到不當深偽內容，要避免二次傷害並尋求協助。,,,,,,
154,high038,high,single_choice,一、 AI 認知與資訊素養 (批判性思考),下列哪個問題最能幫助你檢查 AI 的答案？,它的資料來源可能是什麼？,它打字快不快？,它用哪一種字體？,它會不會生氣？,A,思考資料來源與限制，有助於判斷答案可信度。,,,,,,
155,high039,high,single_choice,一、 AI 認知與資訊素養 (批判性思考),若 AI 給出非常武斷的建議，較好的反應是？,追問理由與依據，並另找來源比對,因為很肯定所以照做,把答案做成公告,完全停止思考,A,追問依據與查核來源，是更成熟的使用方式。,,,,,,
156,high040,high,single_choice,一、 AI 認知與資訊素養 (提示詞工程),若要請 AI 幫你比較『颱風』和『龍捲風』，哪個提示較完整？,請用表格比較颱風與龍捲風的形成、範圍與危險性，並以六年級程度說明,比較颱風,快點整理,說說天氣,A,完整提示包含主題、比較面向與受眾程度。,,,,,,
157,high042,high,single_choice,一、 AI 認知與資訊素養 (提示詞工程),如果 AI 回答偏離題目，下一步較好的做法是？,重述問題並加入限制條件,一直貼同一句話,怪 AI 不懂就放棄,把錯誤答案直接使用,A,有效提示是可以逐步修正與迭代的。,,,,,,
158,high043,high,single_choice,一、 AI 認知與資訊素養 (提示詞工程),哪一種提示最能提升生成內容的可用性？,請列出 4 點，每點附一個生活例子,講詳細一點,幫我全部做好,隨便都可以,A,明確的格式與要求可提升輸出品質。,,,,,,
159,high044,high,single_choice,一、 AI 認知與資訊素養 (提示詞工程),提示詞工程的核心能力，比較接近哪一項？,把需求說清楚並逐步調整,找到最會騙 AI 的方法,完全不必自己思考,只追求最長的答案,A,與 AI 有效互動，關鍵在於清楚表達需求與持續修正。,,,,,,
160,high045,high,single_choice,二、 學習運用與正向協助 (輔助學習工具),在自主學習中，AI 最適合用來做什麼？,協助解釋概念、舉例與練習,替你完成全部學習任務,保證考試拿高分,取代你做所有筆記,A,AI 可以作為個人化學習助手，但不能完全取代學習過程。,,,,,,
161,high047,high,single_choice,二、 學習運用與正向協助 (輔助學習工具),若想請 AI 協助數學學習，較好的目標是？,理解解題方法與概念,取得作業的最終答案就好,規避思考過程,在考試中偷偷使用,A,AI 可以幫助理解步驟與概念，而非只追求答案。,,,,,,
162,high048,high,single_choice,二、 學習運用與正向協助 (輔助學習工具),用 AI 當學習夥伴時，哪個行為最能提升成效？,追問不懂的地方並要求換個說法,只看一次就停止,把每個答案都照抄,從不檢查內容,A,追問與反思能讓 AI 輔助真正轉化成理解。,,,,,,
163,high050,high,single_choice,二、 學習運用與正向協助 (創意激發),在創意寫作中，AI 最適合扮演哪種角色？,靈感夥伴與修改助手,唯一作者,分數保證人,版權免責工具,A,AI 可以提供方向、標題與語句建議，但作品仍應由人主導。,,,,,,
164,high053,high,single_choice,二、 學習運用與正向協助 (創意激發),如果 AI 提供 10 個故事標題，較好的處理方式是？,比較優缺點後重新組合成自己的版本,選第一個直接交,全部照抄成系列作,完全不看內容,A,選擇、比較與重組，才是高品質創作的關鍵。,,,,,,
165,high054,high,single_choice,二、 學習運用與正向協助 (創意激發),AI 協助創作時，最需要保留的是？,自己的價值判斷與美感選擇,對內容完全不負責,只求速度不要品質,把來源全部隱藏,A,創作不是按下生成就結束，人仍應對內容負責。,,,,,,
166,high055,high,single_choice,二、 學習運用與正向協助 (資料整理與摘要),AI 協助摘要長文時，最大的價值通常是？,節省整理時間並幫助抓重點,讓原文變得一定正確,可以完全取代閱讀,保證每次都無遺漏,A,AI 摘要可提高效率，但仍需確認完整性與正確性。,,,,,,
167,high057,high,single_choice,二、 學習運用與正向協助 (資料整理與摘要),如果 AI 的摘要忽略了作者的重要例子，代表什麼？,摘要可能有遺漏，需要回看原文,作者寫錯了,摘要比原文更可靠,例子不重要,A,摘要是壓縮資訊的過程，可能省略細節。,,,,,,
168,high059,high,single_choice,二、 學習運用與正向協助 (資料整理與摘要),AI 幫你整理出『三大重點』後，下一步最值得做的是？,用自己的話重述一次,直接背誦不求理解,立刻刪掉原文,把重點原封不動貼上,A,用自己的語言重述，能檢查是否真的理解。,,,,,,
169,high060,high,single_choice,三、 使用安全與倫理規範 (個人隱私保護),下列哪種資訊最不應該出現在你給 AI 的提問中？,真實學號、住址與聯絡方式,虛構角色設定,公開課本內容,一般性的自然現象問題,A,可識別個人身分的資料不應隨意輸入 AI。,,,,,,
170,high064,high,single_choice,三、 使用安全與倫理規範 (個人隱私保護),個人隱私保護的核心觀念是？,能不提供就不提供，必要時先評估,資料給越多越專業,只要是學習就可以公開個資,對方是 AI 就不用擔心,A,提供資訊前應先評估是否必要與是否涉及敏感資料。,,,,,,
171,high065,high,single_choice,三、 使用安全與倫理規範 (學術倫理與誠實),如果老師允許使用 AI 協助報告，最符合學術誠信的做法是？,註明使用方式，並由自己負責內容,請 AI 全做後假裝原創,只改幾個字就算自己寫,不讓任何人知道,A,透明說明工具用途，並保持自己的思考與責任，才符合誠信。,,,,,,
172,high070,high,single_choice,三、 使用安全與倫理規範 (心理健康與適度使用),下列哪一項最能避免對 AI 過度依賴？,先自行嘗試，再把 AI 當輔助,遇到任何事都先問 AI,讓 AI 替你做每個決定,不再和他人討論,A,先思考再求助，有助於維持獨立判斷能力。,,,,,,
173,high071,high,single_choice,三、 使用安全與倫理規範 (心理健康與適度使用),如果使用 AI 已經影響到睡眠與情緒，較合適的做法是？,調整使用時間並尋求師長協助,繼續熬夜以免落後,用更多 AI 分散注意力,完全不告訴任何人,A,科技使用若影響身心狀態，應主動調整並尋求支持。,,,,,,
174,high072,high,single_choice,三、 使用安全與倫理規範 (心理健康與適度使用),『適度使用 AI』最好的理解是？,把 AI 納入學習工具之一，但保有休息、人際與思考,只要是學習就可以無限使用,每天都用越久越好,有 AI 就不需要運動,A,適度使用強調平衡，而不是完全排斥或無限制投入。,,,,,,
175,high073,high,single_choice,三、 使用安全與倫理規範 (心理健康與適度使用),哪一種情況最能看出你仍保有獨立思考？,會比較 AI 建議與自己的判斷後再決定,AI 說什麼就做什麼,從不檢查內容,用 AI 代替所有想法,A,人應保有最終判斷與責任，而不是完全依賴工具。,,,,,,
176,high074,high,single_choice,三、 使用安全與倫理規範 (心理健康與適度使用),健康使用 AI 的完整做法，應同時包含？,時間管理、休息、查證與人際互動,只追求效率,越晚越安靜越適合狂用,把不舒服的感受藏起來,A,健康使用科技不只看效率，也要照顧身心與生活平衡。,,,,,,
